{"cameraMode":{"drawMode":0,"name":"Shaded","section":"Shading Mode"},"sceneLighting":true,"audioPlay":false,"sceneViewState":{"m_AlwaysRefresh":false,"showFog":true,"showSkybox":true,"showFlares":true,"showImageEffects":true,"showParticleSystems":true,"showVisualEffectGraphs":true,"m_FxEnabled":true},"in2DMode":false,"pivot":{"x":0.01176309585571289,"y":1.5760002136230469,"z":-0.0279998779296875},"rotation":{"x":-0.051084164530038837,"y":0.9487883448600769,"z":-0.21206653118133546,"w":-0.22855815291404725},"size":14.610079765319825,"orthographic":true}